{
  "project_info": {
    "project_number": "677215311798",
    "firebase_url": "https://swara-test-app.firebaseio.com",
    "project_id": "swara-test-app",
    "storage_bucket": "swara-test-app.appspot.com"
  },
  "client": [
    {
      "client_info": {
        "mobilesdk_app_id": "1:677215311798:android:500b65ad19d3681fd21317",
        "android_client_info": {
          "package_name": "com.google.firebase.codelab.friendlychat"
        }
      },
      "oauth_client": [
        {
          "client_id": "677215311798-7i619c0160oj9agpva1hq9llcudu7hqq.apps.googleusercontent.com",
          "client_type": 3
        }
      ],
      "api_key": [
        {
          "current_key": "AIzaSyADfybkkFnM3YayP3QrgP_d5PNbVi5XNuo"
        }
      ],
      "services": {
        "appinvite_service": {
          "other_platform_oauth_client": [
            {
              "client_id": "677215311798-7i619c0160oj9agpva1hq9llcudu7hqq.apps.googleusercontent.com",
              "client_type": 3
            }
          ]
        }
      }
    }
  ],
  "configuration_version": "1"
}